{"x1":{"0":0.7121463296,"1":-1.0063478461,"2":-0.9283446231,"3":-0.2209607653,"4":-0.1955114577,"5":1.9754222187,"6":-0.1496823318,"7":0.0814519532,"8":-0.7517778376,"9":-0.5302834384,"10":-0.5741082668,"11":0.3821240293,"12":1.561773198,"13":-0.2458183032,"14":-1.6936897516,"15":-0.6540677189,"16":0.5418492172,"17":-1.0337712419,"18":0.4340014792,"19":0.612959464,"20":0.5027815874,"21":-0.7784436121,"22":-1.1056120171,"23":1.1381334279,"24":0.4259599743,"25":1.6159871125,"26":-1.8210324441,"27":-1.2900439296,"28":-1.2609334008,"29":-0.4920839904,"30":-0.7759776661,"31":0.5826667068,"32":0.8996182164,"33":-0.6918552652,"34":0.9518878556,"35":0.1966733337,"36":-0.2854301269,"37":0.9326202484,"38":-2.2396920046,"39":-0.370107498,"40":-1.259194771,"41":-0.4237406925,"42":-0.3481863877,"43":-0.2200645335,"44":1.1269994011,"45":0.1066517569,"46":1.2053951962,"47":0.7500789314,"48":-1.0851504011,"49":-2.0450961288},"x2":{"0":-1.1518818142,"1":-1.1983693738,"2":1.02707174,"3":-0.8221916336,"4":0.7684194365,"5":1.3447476644,"6":-0.6570273146,"7":0.9141275151,"8":0.989464659,"9":2.3959181048,"10":0.8717582896,"11":-0.4328809264,"12":0.0526112935,"13":0.3047828735,"14":-0.6389529842,"15":-0.5365506035,"16":0.1555599825,"17":-1.3047379757,"18":-1.0703864569,"19":2.2728171417,"20":0.0110079828,"21":1.3489560758,"22":0.1024766166,"23":1.5683110357,"24":1.3152791242,"25":-0.4540507554,"26":0.0919166514,"27":-2.2082593182,"28":0.6289907418,"29":-1.1640893869,"30":0.1630244184,"31":0.1110666165,"32":-1.6392328511,"33":0.2316997705,"34":-0.6220501195,"35":0.5900989291,"36":-0.1978280805,"37":-0.3650021999,"38":-0.9561408495,"39":-0.5509643884,"40":1.4503637416,"41":0.1025264612,"42":1.5690053956,"43":-0.4433972741,"44":-0.2502993584,"45":0.8512244835,"46":2.1259548596,"47":0.2314759679,"48":-0.4530978605,"49":0.8915888552},"y":{"0":-5.3426116442,"1":12.8077127524,"2":7.2709731377,"3":3.5881149084,"4":0.4749044162,"5":-22.5212397893,"6":1.8940802393,"7":-2.835556602,"8":6.3642741964,"9":0.396459052,"10":3.9473231448,"11":-2.7840775326,"12":-15.2643624955,"13":1.8874967024,"14":18.283723606,"15":8.8443243489,"16":-6.5578987949,"17":13.7895692688,"18":-2.3909987101,"19":-10.2484320867,"20":-5.3564867324,"21":5.5308921754,"22":10.886585675,"23":-15.2408850873,"24":-5.9417084082,"25":-15.1091449459,"26":17.4344182141,"27":17.3218364916,"28":11.1076948857,"29":6.8395047084,"30":8.24247913,"31":-5.9204182869,"32":-5.3036550029,"33":5.7778673454,"34":-8.3978217252,"35":-3.3308837866,"36":3.6596566265,"37":-8.8482538565,"38":24.7124278622,"39":5.0131515259,"40":9.8158010618,"41":3.9163147524,"42":0.0852141601,"43":2.8608184921,"44":-10.2566970265,"45":-2.3459194452,"46":-16.5635092327,"47":-7.8662977225,"48":12.2960256866,"49":18.8584331532}}
